{
  "sm": [
    {
      "uid": 1,
      "type": "Frame",
      "ps": {
        "f": 40,
        "fm": 48,
        "sa": 58,
        "usa": 58,
        "dsa": 58,
        "il": 58,
        "sc": 60,
        "sm": 43,
        "kw": 200,
        "b": 18.5,
        "a": 24,
        "am": 45,
        "ahh": 240,
        "ag": 120,
        "ahw": 240,
        "mf": 5,
        "ms": 5,
        "gg": 50
      },
      "polygon": {
        "type": "polygon",
        "spLine": {
          "polyId": {
            "idx": -1,
            "pos": -1
          },
          "sts": 0,
          "eds": 0,
          "equalSplit": 0,
          "ess": 0,
          "ss": false,
          "es": false,
          "sFd": false,
          "eFd": false,
          "alignType": 0,
          "reinforced": false
        },
        "polygon": [
          [
            {
              "ps": {
                "x": 2390.435226361449,
                "y": 1360.107895312386,
                "name": "point"
              },
              "pe": {
                "x": 2390.435226361449,
                "y": 2360.107895312386,
                "name": "point"
              },
              "name": "segment"
            },
            {
              "ps": {
                "x": 2390.435226361449,
                "y": 2360.107895312386,
                "name": "point"
              },
              "pe": {
                "x": 2990.435226361449,
                "y": 2360.107895312386,
                "name": "point"
              },
              "name": "segment"
            },
            {
              "ps": {
                "x": 2990.435226361449,
                "y": 2360.107895312386,
                "name": "point"
              },
              "pe": {
                "x": 2990.435226361449,
                "y": 1360.107895312386,
                "name": "point"
              },
              "name": "segment"
            },
            {
              "ps": {
                "x": 2990.435226361449,
                "y": 1360.107895312386,
                "name": "point"
              },
              "pe": {
                "x": 2390.435226361449,
                "y": 1360.107895312386,
                "name": "point"
              },
              "name": "segment"
            }
          ]
        ],
        "virtual": false
      },
      "fm": {
        "ejw": [
          0,
          0,
          0,
          0
        ],
        "ew": [
          40,
          40,
          40,
          40
        ],
        "vs": [],
        "ast": []
      },
      "mm": {
        "sp": [],
        "fls": {
          "fls": []
        },
        "lpfs": [],
        "dbs": {
          "bars": []
        },
        "phs": []
      },
      "sm": [
        {
          "type": "Sash",
          "polyId": {
            "idx": -1,
            "pos": -1
          },
          "enabled": true,
          "offvec": {
            "x": 0,
            "y": 0,
            "name": "vector"
          },
          "fm": {
            "ejw": [
              0,
              0,
              0,
              0
            ],
            "ew": [
              58,
              58,
              58,
              58
            ],
            "vs": [],
            "ast": []
          },
          "mm": {
            "sp": [],
            "fls": {
              "fls": [
                {
                  "type": "Glass",
                  "pid": {
                    "idx": -1,
                    "pos": -1
                  },
                  "bd": {
                    "type": "Bead",
                    "fm": {
                      "ejw": [
                        0,
                        0,
                        0,
                        0
                      ],
                      "ew": [
                        18.5,
                        18.5,
                        18.5,
                        18.5
                      ],
                      "vs": [],
                      "ast": []
                    }
                  },
                  "ser": {
                    "text": "A1",
                    "offvec": {
                      "x": 0,
                      "y": 0,
                      "name": "vector"
                    }
                  },
                  "spet": {
                    "sp": "",
                    "th": 0,
                    "te": [],
                    "tm": {
                      "width": 0,
                      "height": 0
                    },
                    "mw": 0
                  },
                  "wtf": true,
                  "ws": false,
                  "hs": []
                }
              ]
            },
            "lpfs": [],
            "dbs": {
              "bars": []
            },
            "phs": []
          },
          "hm": {
            "openDirection": "right",
            "openToward": "inside",
            "pas": false,
            "hingeType": "Hinge",
            "hingeCount": 0,
            "handle": {
              "hidden": false,
              "hardwareShape": "Handle",
              "autoOffset": false,
              "percentOffset": 0.5,
              "useProfileColor": false,
              "dim": {
                "name": "",
                "from": {
                  "x": 2684.435226361449,
                  "y": 1860.107895312386,
                  "name": "point"
                },
                "to": {
                  "x": 2684.435226361449,
                  "y": 2168.107895312386,
                  "name": "point"
                },
                "hidden": true,
                "offset": {
                  "x": 522.4861975872591,
                  "y": 0,
                  "name": "vector"
                },
                "position": "right"
              },
              "dimToSash": {
                "name": "",
                "from": {
                  "x": -3.5,
                  "y": -242,
                  "name": "point"
                },
                "to": {
                  "x": -3.5,
                  "y": -242,
                  "name": "point"
                },
                "hidden": true,
                "offset": {
                  "x": 0,
                  "y": 0,
                  "name": "vector"
                },
                "position": "right"
              },
              "lockDimToGround": false,
              "lockDimToSash": false,
              "edgeIndex": 0
            },
            "subHandle": {
              "hidden": true,
              "hardwareShape": "Handle",
              "autoOffset": true,
              "percentOffset": 0,
              "useProfileColor": false,
              "dim": {
                "name": "",
                "from": {
                  "x": 50,
                  "y": -192,
                  "name": "point"
                },
                "to": {
                  "x": 50,
                  "y": -192,
                  "name": "point"
                },
                "hidden": true,
                "offset": {
                  "x": 0,
                  "y": 0,
                  "name": "vector"
                },
                "position": "right"
              },
              "dimToSash": {
                "name": "",
                "from": {
                  "x": 50,
                  "y": -192,
                  "name": "point"
                },
                "to": {
                  "x": 50,
                  "y": -192,
                  "name": "point"
                },
                "hidden": true,
                "offset": {
                  "x": 0,
                  "y": 0,
                  "name": "vector"
                },
                "position": "right"
              },
              "lockDimToGround": false,
              "lockDimToSash": false,
              "edgeIndex": -1
            },
            "hinges": [],
            "slide": "none",
            "mlp": true,