{
  "sm": [
    {
      "uid": 1,
      "type": "Frame",
      "ps": {
        "f": 36,
        "fm": 36,
        "sa": 52,
        "usa": 52,
        "dsa": 52,
        "il": 52,
        "sc": 60,
        "sm": 36,
        "kw": 200,
        "b": 14,
        "a": 24,
        "am": 45,
        "ahh": 240,
        "ag": 120,
        "ahw": 240,
        "mf": 5,
        "ms": 5,
        "gg": 50
      },
      "polygon": {
        "type": "polygon",
        "spLine": {
          "polyId": {
            "idx": -1,
            "pos": -1
          },
          "sts": 0,
          "eds": 0,
          "equalSplit": 0,
          "ess": 0,
          "ss": false,
          "es": false,
          "sFd": false,
          "eFd": false,
          "alignType": 0,
          "reinforced": false
        },
        "polygon": [
          [
            {
              "ps": {
                "x": 2012.5263898662924,
                "y": 837.6495425756511,
                "name": "point"
              },
              "pe": {
                "x": 2012.5263898662924,
                "y": 2337.649542575651,
                "name": "point"
              },
              "name": "segment"
            },
            {
              "ps": {
                "x": 2012.5263898662924,
                "y": 2337.649542575651,
                "name": "point"
              },
              "pe": {
                "x": 3512.5263898662924,
                "y": 2337.649542575651,
                "name": "point"
              },
              "name": "segment"
            },
            {
              "ps": {
                "x": 3512.5263898662924,
                "y": 2337.649542575651,
                "name": "point"
              },
              "pe": {
                "x": 3512.5263898662924,
                "y": 837.6495425756511,
                "name": "point"
              },
              "name": "segment"
            },
            {
              "ps": {
                "x": 3512.5263898662924,
                "y": 837.6495425756511,
                "name": "point"
              },
              "pe": {
                "x": 2012.5263898662924,
                "y": 837.6495425756511,
                "name": "point"
              },
              "name": "segment"
            }
          ]
        ],
        "virtual": false
      },
      "fm": {
        "ejw": [
          0,
          0,
          0,
          0
        ],
        "ew": [
          36,
          34,
          36,
          34
        ],
        "vs": [],
        "ast": []
      },
      "mm": {
        "sp": [],
        "fls": {
          "fls": []
        },
        "lpfs": [],
        "dbs": {
          "bars": []
        },
        "phs": []
      },
      "sm": [
        {
          "type": "Slide",
          "polyId": {
            "idx": -1,
            "pos": -1
          },
          "enabled": true,
          "offvec": {
            "x": 0,
            "y": 0,
            "name": "vector"
          },
          "appliedOptionIndex": 15,
          "emptyTrackAppended": "none",
          "isDoor": false,
          "ptd": false,
          "eas": -1,
          "sashes": [
            {
              "type": "Sash",
              "polyId": {
                "idx": -1,
                "pos": -1
              },
              "enabled": true,
              "offvec": {
                "x": 0,
                "y": 0,
                "name": "vector"
              },
              "fm": {
                "ejw": [
                  0,
                  0,
                  0,
                  0
                ],
                "ew": [
                  2,
                  51,
                  2,
                  1
                ],
                "vs": [],
                "ast": []
              },
              "mm": {
                "sp": [],
                "fls": {
                  "fls": [
                    {
                      "type": "Glass",
                      "pid": {
                        "idx": -1,
                        "pos": -1
                      },
                      "bd": {
                        "type": "Bead",
                        "fm": {
                          "ejw": [
                            0,
                            0,
                            0,
                            0
                          ],
                          "ew": [
                            14,
                            14,
                            14,
                            14
                          ],
                          "vs": [],
                          "ast": []
                        }
                      },
                      "ser": {
                        "text": "A1",
                        "offvec": {
                          "x": 0,
                          "y": 0,
                          "name": "vector"
                        }
                      },
                      "spet": {
                        "sp": "",
                        "th": 0,
                        "te": [],
                        "tm": {
                          "width": 0,
                          "height": 0
                        },
                        "mw": 0
                      },
                      "wtf": true,
                      "ws": false,
                      "hs": []
                    }
                  ]
                },
                "lpfs": [],
                "dbs": {
                  "bars": []
                },
                "phs": []
              },
              "hm": {
                "openDirection": "left",
                "lock": [
                  {
                    "hidden": true,
                    "hardwareShape": "Handle",
                    "autoOffset": true,
                    "percentOffset": 0.5,
                    "useProfileColor": false,
                    "dim": {
                      "name": "",
                      "from": {
                        "x": 3369.2763898662924,
                        "y": 1587.6495425756511,
                        "name": "point"
                      },
                      "to": {
                        "x": 3369.2763898662924,
                        "y": 2087.649542575651,
                        "name": "point"
                      },
                      "hidden": false,
                      "offset": {
                        "x": 0,
                        "y": 0,
                        "name": "vector"
                      },
                      "position": "right"
                    },
                    "dimToSash": {
                      "name": "",
                      "from": {
                        "x": -450,
                        "y": 50,
                        "name": "point"
                      },
                      "to": {
                        "x": -450,
                        "y": 50,
                        "name": "point"
                      },
                      "hidden": true,
                      "offset": {
                        "x": 0,
                        "y": 0,
                        "name": "vector"
                      },
                      "position": "right"
                    },
                    "lockDimToGround": false,
                    "lockDimToSash": false,
                    "edgeIndex": 3
                  }
                ],
                "lock2s": [],
                "handleForSlide": {
                  "hidden": true,
                  "hardwareShape": "HandleForSlide",
                  "autoOffset": true,
                  "percentOffset": 0,
                  "useProfileColor": false,
                  "dim": {
                    "name": "",
                    "from": {
                      "x": -450,
                      "y": 50,
                      "name": "point"
                    },