{
  "sm": [
    {
      "uid": 1,
      "type": "Frame",
      "ps": {
        "f": 36,
        "fm": 36,
        "sa": 52,
        "usa": 52,
        "dsa": 52,
        "il": 52,
        "sc": 60,
        "sm": 36,
        "kw": 200,
        "b": 14,
        "a": 24,
        "am": 45,
        "ahh": 240,
        "ag": 120,
        "ahw": 240,
        "mf": 5,
        "ms": 5,
        "gg": 50
      },
      "polygon": {
        "type": "polygon",
        "spLine": {
          "polyId": {
            "idx": -1,
            "pos": -1
          },
          "sts": 0,
          "eds": 0,
          "equalSplit": 0,
          "ess": 0,
          "ss": false,
          "es": false,
          "sFd": false,
          "eFd": false,
          "alignType": 0,
          "reinforced": false
        },
        "polygon": [
          [
            {
              "ps": {
                "x": 2390.435226361449,
                "y": 1860.107895312386,
                "name": "point"
              },
              "pe": {
                "x": 2390.435226361449,
                "y": 2360.107895312386,
                "name": "point"
              },
              "name": "segment"
            },
            {
              "ps": {
                "x": 2390.435226361449,
                "y": 2360.107895312386,
                "name": "point"
              },
              "pe": {
                "x": 2890.435226361449,
                "y": 2360.107895312386,
                "name": "point"
              },
              "name": "segment"
            },
            {
              "ps": {
                "x": 2890.435226361449,
                "y": 2360.107895312386,
                "name": "point"
              },
              "pe": {
                "x": 2890.435226361449,
                "y": 1860.107895312386,
                "name": "point"
              },
              "name": "segment"
            },
            {
              "ps": {
                "x": 2890.435226361449,
                "y": 1860.107895312386,
                "name": "point"
              },
              "pe": {
                "x": 2390.435226361449,
                "y": 1860.107895312386,
                "name": "point"
              },
              "name": "segment"
            }
          ]
        ],
        "virtual": false
      },
      "fm": {
        "ejw": [
          0,
          0,
          0,
          0
        ],
        "ew": [
          36,
          36,
          36,
          36
        ],
        "vs": [],
        "ast": []
      },
      "mm": {
        "sp": [],
        "fls": {
          "fls": [
            {
              "type": "Glass",
              "pid": {
                "idx": -1,
                "pos": -1
              },
              "bd": {
                "type": "Bead",
                "fm": {
                  "ejw": [
                    0,
                    0,
                    0,
                    0
                  ],
                  "ew": [
                    14,
                    14,
                    14,
                    14
                  ],
                  "vs": [],
                  "ast": []
                }
              },
              "ser": {
                "text": "F1",
                "offvec": {
                  "x": 0,
                  "y": 0,
                  "name": "vector"
                }
              },
              "spet": {
                "sp": "",
                "th": 0,
                "te": [],
                "tm": {
                  "width": 0,
                  "height": 0
                },
                "mw": 0
              },
              "wtf": true,
              "ws": false,
              "hs": []
            }
          ]
        },
        "lpfs": [],
        "dbs": {
          "bars": []
        },
        "phs": []
      },
      "sm": [],
      "cm": {
        "bn": "#F0540B",
        "ben": "#F0540B",
        "g": "rgba(0, 255, 255, 0.6)",
        "hd": "#D4D1D9"
      },
      "tv": {
        "offset": {
          "x": 0,
          "y": 0,
          "name": "vector"
        },
        "hidden": true
      },
      "dm": {
        "dims": [
          {
            "type": "line",
            "eidx": 0,
            "midx": -1,
            "name": "",
            "ds": true,
            "ov": {
              "x": 0,
              "y": 0,
              "name": "vector"
            },
            "at": 0
          },
          {
            "type": "line",
            "eidx": 1,
            "midx": -1,
            "name": "",
            "ds": true,
            "ov": {
              "x": 0,
              "y": 5.469387755101707,
              "name": "vector"
            },
            "at": 0
          }
        ]
      },
      "edm": [],
      "lds": false,
      "ser": {
        "from": {
          "x": 3840.435226361449,
          "y": 2910.107895312386,
          "name": "point"
        },
        "to": {
          "x": 3840.435226361449,
          "y": 2910.107895312386,
          "name": "point"
        },
        "text": "ANDES-MARCO_FIJO_S38",
        "fontSize": 120,
        "cr": "blue"
      },
      "tn": false,
      "esr": [],
      "ies": [],
      "ot": "inward"
    }
  ],
  "wall": [],
  "cp": [],
  "note": [],
  "sbf": [],
  "scale": 0,
  "epi": [],
  "wlc": "#b4f595",
  "s": {
    "cjs": 100,
    "cs": 60
  }
}